<?xml version="1.0" ?>
<LOG_ROOT>
	<PROJECT NAME="digital_clock">
		<CBX_INST_ENTRY INSTANCE_NAME="|digital_clock|lpm_add_sub:Add11" CBX_FILE_NAME="add_sub_1sh.tdf"/>
		<CBX_INST_ENTRY INSTANCE_NAME="|digital_clock|lpm_add_sub:Add2" CBX_FILE_NAME="add_sub_3sh.tdf"/>
		<CBX_INST_ENTRY INSTANCE_NAME="|digital_clock|lpm_add_sub:Add20" CBX_FILE_NAME="add_sub_1sh.tdf"/>
		<CBX_INST_ENTRY INSTANCE_NAME="|digital_clock|lpm_add_sub:Add12" CBX_FILE_NAME="add_sub_1sh.tdf"/>
		<CBX_INST_ENTRY INSTANCE_NAME="|digital_clock|lpm_add_sub:Add21" CBX_FILE_NAME="add_sub_1sh.tdf"/>
		<CBX_INST_ENTRY INSTANCE_NAME="|digital_clock|lpm_add_sub:Add3" CBX_FILE_NAME="add_sub_3sh.tdf"/>
		<CBX_INST_ENTRY INSTANCE_NAME="|digital_clock|lpm_add_sub:Add30" CBX_FILE_NAME="add_sub_1sh.tdf"/>
		<CBX_INST_ENTRY INSTANCE_NAME="|digital_clock|lpm_add_sub:Add13" CBX_FILE_NAME="add_sub_eoh.tdf"/>
		<CBX_INST_ENTRY INSTANCE_NAME="|digital_clock|lpm_add_sub:Add22" CBX_FILE_NAME="add_sub_1sh.tdf"/>
		<CBX_INST_ENTRY INSTANCE_NAME="|digital_clock|lpm_add_sub:Add31" CBX_FILE_NAME="add_sub_1sh.tdf"/>
		<CBX_INST_ENTRY INSTANCE_NAME="|digital_clock|lpm_add_sub:Add4" CBX_FILE_NAME="add_sub_1sh.tdf"/>
		<CBX_INST_ENTRY INSTANCE_NAME="|digital_clock|lpm_add_sub:Add40" CBX_FILE_NAME="add_sub_1sh.tdf"/>
		<CBX_INST_ENTRY INSTANCE_NAME="|digital_clock|lpm_add_sub:Add14" CBX_FILE_NAME="add_sub_goh.tdf"/>
		<CBX_INST_ENTRY INSTANCE_NAME="|digital_clock|lpm_add_sub:Add23" CBX_FILE_NAME="add_sub_1sh.tdf"/>
		<CBX_INST_ENTRY INSTANCE_NAME="|digital_clock|lpm_add_sub:Add32" CBX_FILE_NAME="add_sub_1sh.tdf"/>
		<CBX_INST_ENTRY INSTANCE_NAME="|digital_clock|lpm_add_sub:Add41" CBX_FILE_NAME="add_sub_1sh.tdf"/>
		<CBX_INST_ENTRY INSTANCE_NAME="|digital_clock|lpm_add_sub:Add5" CBX_FILE_NAME="add_sub_1sh.tdf"/>
		<CBX_INST_ENTRY INSTANCE_NAME="|digital_clock|lpm_add_sub:Add15" CBX_FILE_NAME="add_sub_1sh.tdf"/>
		<CBX_INST_ENTRY INSTANCE_NAME="|digital_clock|lpm_add_sub:Add24" CBX_FILE_NAME="add_sub_1sh.tdf"/>
		<CBX_INST_ENTRY INSTANCE_NAME="|digital_clock|lpm_add_sub:Add33" CBX_FILE_NAME="add_sub_3sh.tdf"/>
		<CBX_INST_ENTRY INSTANCE_NAME="|digital_clock|lpm_add_sub:Add42" CBX_FILE_NAME="add_sub_1sh.tdf"/>
		<CBX_INST_ENTRY INSTANCE_NAME="|digital_clock|lpm_add_sub:Add6" CBX_FILE_NAME="add_sub_1sh.tdf"/>
		<CBX_INST_ENTRY INSTANCE_NAME="|digital_clock|lpm_add_sub:Add16" CBX_FILE_NAME="add_sub_1sh.tdf"/>
		<CBX_INST_ENTRY INSTANCE_NAME="|digital_clock|lpm_add_sub:Add25" CBX_FILE_NAME="add_sub_1sh.tdf"/>
		<CBX_INST_ENTRY INSTANCE_NAME="|digital_clock|lpm_add_sub:Add34" CBX_FILE_NAME="add_sub_3sh.tdf"/>
		<CBX_INST_ENTRY INSTANCE_NAME="|digital_clock|lpm_add_sub:Add43" CBX_FILE_NAME="add_sub_1sh.tdf"/>
		<CBX_INST_ENTRY INSTANCE_NAME="|digital_clock|lpm_add_sub:Add7" CBX_FILE_NAME="add_sub_1sh.tdf"/>
		<CBX_INST_ENTRY INSTANCE_NAME="|digital_clock|lpm_add_sub:Add0" CBX_FILE_NAME="add_sub_2sh.tdf"/>
		<CBX_INST_ENTRY INSTANCE_NAME="|digital_clock|lpm_add_sub:Add17" CBX_FILE_NAME="add_sub_1sh.tdf"/>
		<CBX_INST_ENTRY INSTANCE_NAME="|digital_clock|lpm_add_sub:Add26" CBX_FILE_NAME="add_sub_1sh.tdf"/>
		<CBX_INST_ENTRY INSTANCE_NAME="|digital_clock|lpm_add_sub:Add35" CBX_FILE_NAME="add_sub_3sh.tdf"/>
		<CBX_INST_ENTRY INSTANCE_NAME="|digital_clock|lpm_add_sub:Add44" CBX_FILE_NAME="add_sub_1sh.tdf"/>
		<CBX_INST_ENTRY INSTANCE_NAME="|digital_clock|lpm_add_sub:Add8" CBX_FILE_NAME="add_sub_1sh.tdf"/>
		<CBX_INST_ENTRY INSTANCE_NAME="|digital_clock|lpm_add_sub:Add1" CBX_FILE_NAME="add_sub_3sh.tdf"/>
		<CBX_INST_ENTRY INSTANCE_NAME="|digital_clock|lpm_add_sub:Add10" CBX_FILE_NAME="add_sub_1sh.tdf"/>
		<CBX_INST_ENTRY INSTANCE_NAME="|digital_clock|lpm_add_sub:Add18" CBX_FILE_NAME="add_sub_1sh.tdf"/>
		<CBX_INST_ENTRY INSTANCE_NAME="|digital_clock|lpm_add_sub:Add27" CBX_FILE_NAME="add_sub_1sh.tdf"/>
		<CBX_INST_ENTRY INSTANCE_NAME="|digital_clock|lpm_add_sub:Add36" CBX_FILE_NAME="add_sub_1sh.tdf"/>
		<CBX_INST_ENTRY INSTANCE_NAME="|digital_clock|lpm_add_sub:Add45" CBX_FILE_NAME="add_sub_4sh.tdf"/>
		<CBX_INST_ENTRY INSTANCE_NAME="|digital_clock|lpm_add_sub:Add9" CBX_FILE_NAME="add_sub_1sh.tdf"/>
		<CBX_INST_ENTRY INSTANCE_NAME="|digital_clock|lpm_add_sub:Add19" CBX_FILE_NAME="add_sub_1sh.tdf"/>
		<CBX_INST_ENTRY INSTANCE_NAME="|digital_clock|lpm_add_sub:Add28" CBX_FILE_NAME="add_sub_1sh.tdf"/>
		<CBX_INST_ENTRY INSTANCE_NAME="|digital_clock|lpm_add_sub:Add37" CBX_FILE_NAME="add_sub_1sh.tdf"/>
		<CBX_INST_ENTRY INSTANCE_NAME="|digital_clock|lpm_add_sub:Add46" CBX_FILE_NAME="add_sub_4sh.tdf"/>
		<CBX_INST_ENTRY INSTANCE_NAME="|digital_clock|lpm_add_sub:Add29" CBX_FILE_NAME="add_sub_1sh.tdf"/>
		<CBX_INST_ENTRY INSTANCE_NAME="|digital_clock|lpm_add_sub:Add38" CBX_FILE_NAME="add_sub_1sh.tdf"/>
		<CBX_INST_ENTRY INSTANCE_NAME="|digital_clock|lpm_add_sub:Add47" CBX_FILE_NAME="add_sub_4sh.tdf"/>
		<CBX_INST_ENTRY INSTANCE_NAME="|digital_clock|lpm_add_sub:Add39" CBX_FILE_NAME="add_sub_1sh.tdf"/>
		<CBX_INST_ENTRY INSTANCE_NAME="|digital_clock|lpm_add_sub:Add48" CBX_FILE_NAME="add_sub_2sh.tdf"/>
	</PROJECT>
</LOG_ROOT>
